condition,rows,accuracy,avg_evidence_usefulness,avg_prompt_tokens,avg_latency_s
candidate_evidence_context,3,0.0,2.6666666666666665,2695.6666666666665,2.171666666666667
file_based_chunks,3,0.0,2.6666666666666665,2628.6666666666665,2.135666666666667
fixed_size_chunks,3,0.0,2.6666666666666665,2963.0,2.5856666666666666
v3_semantic_final_pass,3,0.0,2.3333333333333335,685.0,3.0453333333333332
